Liam Johnson,3,14,1985
Olivia Smith,7,22,1992
Noah Williams,1,9,1988
Emma Brown,12,30,1995
Oliver Jones,6,18,1990
Ava Garcia,9,5,1983
Elijah Miller,4,27,1998
Sophia Davis,11,11,1987
James Rodriguez,2,3,1991
Isabella Martinez,8,16,1996
Benjamin Hernandez,5,25,1984
Mia Lopez,10,7,1993
Lucas Gonzalez,3,19,1989
Charlotte Wilson,7,1,1997
Henry Anderson,1,28,1986
Amelia Thomas,12,12,1994
Alexander Taylor,6,9,1982
Harper Moore,9,21,1999
Michael Jackson,4,4,1981
Evelyn Martin,11,29,1990
Daniel Lee,2,14,1985
Abigail Perez,8,8,1992
Matthew Thompson,5,17,1988
Emily White,10,2,1995
Joseph Harris,3,6,1987
Elizabeth Sanchez,7,30,1991
Samuel Clark,1,15,1983
Sofia Ramirez,12,19,1996
David Lewis,6,23,1984
Avery Robinson,9,10,1998
Carter Walker,4,13,1989
Ella Young,11,6,1993
Wyatt Allen,2,25,1986
Scarlett King,8,18,1994
John Wright,5,4,1982
Grace Scott,10,27,1997
Owen Torres,3,11,1990
Chloe Nguyen,7,14,1985
Dylan Hill,1,20,1992
Victoria Flores,12,8,1988
Luke Green,6,30,1991
Riley Adams,9,2,1995
Gabriel Nelson,4,21,1983
Lily Baker,11,17,1999
Anthony Hall,2,7,1984
Aria Rivera,8,29,1996
Isaac Campbell,5,12,1987
Hannah Mitchell,10,15,1993
Julian Carter,3,24,1986
Layla Roberts,7,9,1994
Christopher Gomez,1,5,1989
Zoe Phillips,12,27,1998
Joshua Evans,6,14,1981
Nora Turner,9,19,1992
Andrew Diaz,4,8,1985
Penelope Parker,11,3,1997
Lincoln Cruz,2,16,1988
Lillian Edwards,8,1,1991
Nathan Collins,5,22,1983
Addison Stewart,10,10,1996
Caleb Morris,3,3,1984
Aubrey Rogers,7,26,1990
Ryan Reed,1,18,1995
Stella Cook,12,6,1987
Thomas Morgan,6,7,1993
Natalie Bell,9,14,1982
Charles Murphy,4,29,1998
Leah Bailey,11,21,1989
Isaiah Cooper,2,9,1994
Hazel Richardson,8,24,1986
Josiah Cox,5,30,1991
Violet Howard,10,12,1999
Christian Ward,3,17,1983
Aurora Peterson,7,4,1992
Hunter Gray,1,11,1987
Savannah Ramirez,12,2,1995
Connor James,6,19,1988
Brooklyn Watson,9,27,1996
Eli Brooks,4,5,1984
Bella Kelly,11,13,1990
Aaron Sanders,2,28,1985
Claire Price,8,20,1993
Adrian Bennett,5,9,1982
Skylar Wood,10,23,1998
Jonathan Barnes,3,8,1989
Lucy Ross,7,12,1991
Ezekiel Henderson,1,23,1986
Anna Coleman,12,15,1994
Robert Jenkins,6,2,1983
Caroline Perry,9,6,1997
Jeremiah Powell,4,18,1988
Genesis Long,11,9,1992
Easton Patterson,2,12,1987
Sarah Hughes,8,4,1995
Mason Bryant,3,29,1986
Madelyn Griffin,7,16,1993
Logan Hayes,1,7,1984
Paisley Simmons,12,22,1998
Sebastian Foster,6,11,1990
Kennedy Butler,9,25,1992